,STANDARD_NAME,21A,22A,22B,23A,23B,RA,DEC,Z,Z_ERR,SPECTYPE,OBSERVATION_STATUS
0,A202204211423123m005116,,A202204211423123m005116,,,,215.8010451861136,-0.8545649884166305,0.19031654948664736,2.4625150213206642e-05,QSO,Y
1,T202210060350237m154301,,,T202210060350237m154301,,,57.59876476325465,-15.71695590952826,0.23097329044353623,4.252879450109047e-06,GALAXY,Y
2,C202210060349568m152123,,,C202210060349568m152123,,,57.48679309839086,-15.356516229684608,,,,N
3,C202311050349356m152913,,,,,C202311050349356m152913,57.39831791676311,-15.486978447500418,0.1432059222990945,1.823466395897061e-06,GALAXY,Y
4,C202310060349100m161333,,,,,C202310060349100m161333,57.29163407908064,-16.22574653607117,,,,N
5,C202212280349025m145944,,,C202212280349025m145944,,,57.26045585680386,-14.995573727607566,,,,N
6,C202312110348336m161752,,,,,C202312110348336m161752,57.14015814338746,-16.297790912413678,,,,N
7,T202301240348184m152341,,,T202301240348184m152341,T202302020348184m152340,,57.07652005840359,-15.394582870862724,0.08109703786146996,3.902212684870722e-06,GALAXY,Y
8,T202210260347253m155435,,,T202210260347253m155435,,,56.85527205170136,-15.909678595379315,0.10510866753945175,1.5280019337800485e-05,GALAXY,Y
9,C202212130347209m160409,,,C202212130347209m160409,,,56.83711539240735,-16.069117319293316,0.17464971770773674,7.79312363633456e-06,GALAXY,Y
10,T202310150346526m161711,,,,,T202310150346526m161711,56.71923455788768,-16.286478220641428,0.19850452727343348,9.028080188951732e-06,GALAXY,Y
11,A202311050346440m153503,,,,,A202311050346440m153503,56.68348084273244,-15.584180700003593,,,,N
12,T202211040346272m155406,,,T202211040346272m155406,,,56.613193012672426,-15.901687246810534,,,,N
13,T202312020346222m150125,,,,,T202312020346222m150125,56.59245208017053,-15.023583650463262,,,,N
14,C202212160346205m153912,,,C202212160346205m153912,,,56.58531224081265,-15.653421818134612,0.5383035730777144,8.595280184273658e-05,QSO,Y
15,A202210100345571m151522,,,A202210100345571m151522,,,56.487807493378256,-15.255994023196472,,,,N
16,T202211160343489m150412,,,T202211160343489m150412,,,55.9535451690758,-15.070004167840516,0.3529172593915625,0.0001023799596827695,GALAXY,Y
17,C202212250343302m145229,,,C202212250343302m145229,,,55.87600832748197,-14.874599462871576,,,,N
18,T202209090343268m142302,,,T202209090343268m142302,,,55.86165485436499,-14.383992903480529,0.07583745031790817,1.347608200970269e-05,GALAXY,Y
19,C202301210343234m153205,,,C202301210343234m153205,,,55.84735644831628,-15.53462186862834,,,,N
20,T202210290343178m145114,,,T202210290343178m145114,,,55.82410206377867,-14.853894309133969,,,,N
21,C202212190343016m164040,,,C202212190343016m164040,,,55.756597159739925,-16.677797479250987,,,,N
22,T202210290342457m162341,,,T202210290342457m162341,,,55.69028901813919,-16.39485603417296,,,,N
23,T202311050342195m171321,,,,,T202311050342195m171321,55.58106660224434,-17.222461214258423,0.13805550506484193,7.794185105977416e-06,GALAXY,Y
24,C202211220342134m165126,,,C202211220342134m165126,,,55.55567461100966,-16.857242675626367,,,,N
25,T202311050342128m170137,,,,,T202311050342128m170137,55.55328116178207,-17.026983807838082,0.08540764803981377,2.50233868308336e-06,GALAXY,Y
26,C202211160342111m135243,,,C202211160342111m135243,,,55.5461886088321,-13.878724450059952,0.1423357491504691,0.00014144658798611646,GALAXY,Y
27,C202210260341514m142429,,,C202210260341514m142429,,,55.46407694619128,-14.40798560925538,0.1191714278075357,1.8548448435666356e-05,GALAXY,Y
28,T202212280341279m141809,,,T202212280341279m141809,,,55.36610558775493,-14.302537202377474,0.14128354927915485,3.626049567689547e-05,GALAXY,Y
29,C202310150341208m143524,,,,,C202310150341208m143524,55.33679251318647,-14.589928435640294,,,,N
30,A202212190341144m135901,,,A202212190341144m135901,,,55.30985069603034,-13.983531206503123,,,,N
31,C202308250341089m141236,,,,,C202308250341089m141236,55.28725515190496,-14.209904344731465,0.7772593884992605,6.349891925216002e-05,QSO,Y
32,T202301180340582m171100,,,T202301180340582m171100,T202302020340582m171100,,55.24245015774886,-17.18343810599117,,,,N
33,T202312020340401m140408,,,,,T202312020340401m140408,55.1670881472028,-14.068912988641143,0.19062085008472684,4.9986269703766934e-05,GALAXY,Y
34,C202312110340112m152257,,,,,C202312110340112m152257,55.04651724923154,-15.382546357591083,,,,N
35,A202209050340040m171255,,,A202209050340040m171255,,,55.01683373768653,-17.215309375901665,,,,N
36,T202212130339540m172324,,,T202212130339540m172324,,,54.97518169306912,-17.39012686162275,,,,N
37,T202211100339432m143005,,,T202211100339432m143005,,,54.930027441902,-14.501315737735222,0.1473166979369061,5.26810189901082e-06,GALAXY,Y
38,T202302020339140m173601,,,,T202302020339140m173601,,54.808153090349855,-17.600319504106313,0.06562273218995512,2.0341312565448164e-05,GALAXY,Y
39,T202209050339095m170845,,,T202209050339095m170845,,,54.78977138028328,-17.145906524388838,0.06398874798450432,1.6810254868237126e-06,GALAXY,Y
40,T202212130338448m152316,,,T202212130338448m152316,,,54.68666608953314,-15.387748697502929,0.17420772491057396,1.5746655332108957e-05,GALAXY,Y
41,T202211160338380m162712,,,T202211160338380m162712,,,54.658317313525,-16.453377963329668,,,,N
42,C202312110338338m161210,,,,,C202312110338338m161210,54.64082129706176,-16.202750068969564,,,,N
43,T202209090337519m145834,,,T202209090337519m145834,,,54.46644056211293,-14.976062769142688,,,,N
44,C202212190337038m150217,,,C202212190337038m150217,,,54.266006591531344,-15.038137552777894,,,,N
45,T202312170336151m143315,,,,,T202312170336151m143315,54.06294269466847,-14.554077460044804,,,,N
46,C202312110330127m142027,,,,,C202312110330127m142027,52.55288982781392,-14.340952735844866,,,,N
47,C202211160329375m172034,,,C202211160329375m172034,,,52.40637483250588,-17.342830832224408,0.2461649777550893,5.113445981889173e-05,GALAXY,Y
48,C202401040329327m164335,,,,,C202401040329327m164335,52.38641288900008,-16.726367815332488,0.05340390280796897,0.00012816336196318657,GALAXY,Y
49,C202212190328067m172260,,,C202212190328067m172260,,,52.0279538511531,-17.383197971025446,,,,N
50,C202209120328019m165839,,,C202209120328019m165839,,,52.00811942321587,-16.977551059847137,,,,N
51,A202212190327321m160847,,,A202212190327321m160847,,,51.88393486836029,-16.146382813570554,,,,N
52,C202212190327038m162657,,,C202212190327038m162657,,,51.76594087093989,-16.449280817055257,,,,N
53,T202211130326442m165338,,,T202211130326442m165338,,,51.68409238090848,-16.893855361374776,0.32652141206927743,0.00012769388932317777,GALAXY,Y
54,A202211040326132m141252,,,A202211040326132m141252,,,51.55481043950229,-14.214505959534243,,,,N
55,T202209050326046m164315,,,T202209050326046m164315,,,51.51911944593824,-16.720968958629015,,,,N
56,T202210170325500m171121,,,T202210170325500m171121,,,51.45833425970783,-17.189165287702586,,,,N
57,A202312020325245m165856,,,,,A202312020325245m165856,51.35217572370839,-16.982200121651303,,,,N
58,C202210290325116m143843,,,C202210290325116m143843,,,51.29813608705518,-14.645322392190714,,,,N
59,A202209050325057m161336,,,A202209050325057m161336,,,51.27383926883144,-16.226584324413963,,,,N
60,A202209090325018m140202,,,A202209090325018m140202,,,51.25765749133184,-14.034022667671673,,,,N
61,T202211160323398m161250,,,T202211160323398m161250,,,50.9157880647497,-16.214018641346154,,,,N
62,T202209050323342m164656,,,T202209050323342m164656,,,50.89254436866611,-16.78218916492807,,,,N
63,A202212190317496m164557,,,A202212190317496m164557,,,49.456738844496826,-16.765912582907795,0.2499414982898139,7.663792754963788e-05,GALAXY,Y
64,C202301210317374m162253,,,C202301210317374m162253,C202302020317374m162253,,49.40570254653504,-16.381293257923556,,,,N
65,T202301040317311m162625,,,T202301040317311m162625,,,49.37954761051417,-16.440375763513227,,,,N
66,T202210060316578m143306,,,T202210060316578m143306,,,49.24087392337239,-14.551585954127589,,,,N
67,T202310060316447m140347,,,,,T202310060316447m140347,49.18636345158759,-14.062963710698709,0.10636747059907509,2.6897554552550897e-05,GALAXY,Y
68,C202211220316246m171825,,,C202211220316246m171825,,,49.1026029716485,-17.307045402440227,,,,N
69,T202312290316154m143147,,,,,T202312290316154m143147,49.06425963633375,-14.52963743736198,0.05026059151661798,4.3366728883312435e-06,GALAXY,Y
70,T202210290315155m141519,,,T202210290315155m141519,,,48.81478399806054,-14.255359482846934,0.14304334688690595,1.4769340863205143e-05,GALAXY,Y
71,C202210060314322m164318,,,C202210060314322m164318,,,48.63410601345518,-16.721569464388278,0.18320404189546907,6.061151699401739e-06,GALAXY,Y
72,A202311050314294m151917,,,,,A202311050314294m151917,48.62236749691461,-15.321392867043633,,,,N
73,A202210290314145m164629,,,A202210290314145m164629,,,48.56054309433749,-16.77461574487619,,,,N
74,C202212190314053m155147,,,C202212190314053m155147,,,48.52210787258468,-15.863137398818743,,,,N
75,C202312110312103m170339,,,,,C202312110312103m170339,48.04274314879253,-17.060727131866436,,,,N
76,T202211190311512m162031,,,T202211190311512m162031,T202302020311512m162031,,47.96335396369253,-16.34189144176399,,,,N
77,C202401010311404m152240,,,,,C202401010311404m152240,47.91830669387167,-15.377859363708474,,,,N
78,T202301240310445m143710,,,T202301240310445m143710,T202302020310445m143710,,47.68539598979716,-14.619431630494406,,,,N
79,T202312290310349m164951,,,,,T202312290310349m164951,47.64523816244392,-16.830833527636685,0.11103338011833253,1.7307392328697896e-05,GALAXY,Y
80,C202311140304196m142210,,,,,C202311140304196m142210,46.08186318744863,-14.369493381419373,0.11688657621044055,7.69436447935716e-06,GALAXY,Y
81,T202401010302518m172037,,,,,T202401010302518m172037,45.715838523361576,-17.343692402427006,,,,N
82,T202401010302311m160343,,,,,T202401010302311m160343,45.62961027372013,-16.0620630663107,,,,N
83,C202312020302107m141103,,,,,C202312020302107m141103,45.544401233191614,-14.184255783691311,,,,N
84,C202210170301450m153122,,,C202210170301450m153122,,,45.43730115532296,-15.522731470764487,0.1845949339669887,3.531446176976906e-05,GALAXY,Y
85,T202312110301314m143947,,,,,T202312110301314m143947,45.38082903781795,-14.66314903283231,0.11568389914978976,8.198148507649962e-06,GALAXY,Y
86,C202210290301121m164150,,,C202210290301121m164150,,,45.30022041464654,-16.697359462903307,0.30227949479661204,3.3551582735680442e-06,GALAXY,Y
87,T202212160300554m164945,,,T202212160300554m164945,,,45.23082387059663,-16.829209392327705,,,,N
88,C202211100300429m145654,,,C202211100300429m145654,,,45.178893963928594,-14.94829024391714,,,,N
89,T202212130300294m142837,,,T202212130300294m142837,,,45.12249721240384,-14.476960918160064,,,,N
90,A202212130300255m143824,,,A202212130300255m143824,,,45.10626817441766,-14.64001336568412,,,,N
91,C202209050300167m151036,,,C202209050300167m151036,,,45.06955633625879,-15.176529832602592,0.08559679591589539,2.8846497660701214e-06,GALAXY,Y
92,T202212280300149m170348,,,T202212280300149m170348,,,45.06202292801082,-17.063236275355354,0.3649139607713864,1.7686877594088156e-05,GALAXY,Y
93,T202310060300040m170827,,,,,T202310060300040m170827,45.0167362342398,-17.140846506424058,,,,N
94,A202212160259576m160158,,,A202212160259576m160158,,,44.990161125299686,-16.032818717075745,,,,N
95,C202301040259457m145804,,,C202301040259457m145804,,,44.940344096640565,-14.96780945675723,,,,N
96,A202312230259426m143826,,,,,A202312230259426m143826,44.92747426778601,-14.640610659520036,,,,N
97,C202302080259106m165937,,,,C202302080259106m165937,,44.7940935731457,-16.993494943056458,,,,N
98,C202308220259022m141055,,,,,C202308220259022m141055,44.75924710626193,-14.181899698007552,0.07977835287048257,4.239639181114342e-06,GALAXY,Y
99,T202210200257417m163247,,,T202210200257417m163247,,,44.42382527738378,-16.546452417457193,,,,N
100,T202209142358324p004706,,,T202209142358324p004706,,,359.6348581236465,0.7851300996461027,0.0610118892707108,1.1533517893338062e-05,GALAXY,Y
101,T202210022358281m000255,,,T202210022358281m000255,,,359.6170656534456,-0.0485762784023505,0.19964038589548752,5.427328006864579e-05,GALAXY,Y
102,T202308132355235m001006,,,,,T202308132355235m001006,358.84810625571123,-0.1682386190546264,0.1279414285681273,1.1432704235287937e-05,GALAXY,Y
103,T202209092353438m014715,,,T202209092353438m014715,,T202308032353438m014714,358.4323814414539,-1.7873695123718871,,,,N
104,T202307262350400m010902,,,T202307262350400m010902,,T202308022350400m010902,357.6667871863879,-1.150544461016474,,,,N
105,T202210022348189p001200,,,T202210022348189p001200,,,357.07892797535004,0.2000809394149629,0.27796758751182316,5.385716975839551e-05,GALAXY,Y
106,C202307202348160m005111,,,C202307202348160m005111,,,357.0666142320418,-0.8529468502401039,,,,N
107,T202308032347160p005603,,,,,T202308032347160p005603,356.81653214464086,0.9342540121799828,0.45593727257795585,2.875818731786904e-05,QSO,Y
108,C202210022346575m004644,,,C202210022346575m004644,,,356.739604342102,-0.7788714048486735,0.18524493648553172,5.848997265094349e-05,GALAXY,Y
109,T202209142343074p003855,,,T202209142343074p003855,,,355.78069313370696,0.6486243230441159,0.6658918595697384,4.8967548787939334e-05,QSO,Y
110,C202210142341334m011750,,,C202210142341334m011750,,,355.3892421057841,-1.2973280585863385,0.3394920773677641,2.250888095783574e-05,QSO,Y
111,C202210142341172m010408,,,C202210142341172m010408,,,355.3217996381512,-1.0688395125831895,,,,N
112,T202210022340136m000356,,,T202210022340136m000356,,,355.05674586239456,-0.0655791015300347,,,,N
113,T202210142339006m002828,,,T202210142339006m002828,,,354.75246557569056,-0.4744943354662912,0.40159647480155086,2.1540483981316284e-05,GALAXY,Y
114,T202210112336017p002613,,,T202210112336017p002613,,,354.0072504202638,0.4370440940777873,,,,N
115,A202308132334263m004021,,,,,A202308132334263m004021,353.609755889278,-0.6723990436949043,0.9110894690165544,0.00019417602959049637,QSO,Y
116,A202210022332157p003955,,,A202210022332157p003955,,,353.0654139282741,0.6653885041420551,,,,N
117,C202210022331524p005248,,,C202210022331524p005248,,,352.96845507955186,0.8798768098661492,,,,N
118,C202210112331241p001140,,,C202210112331241p001140,,,352.8503104053658,0.1945318248524125,,,,N
119,T202309212328141m015104,,,,,T202309212328141m015104,352.0587742145482,-1.851050705270868,,,,N
120,C202307112327311m011241,,,C202307112327311m011241,,C202308032327311m011241,351.8797475104609,-1.211318391722933,0.17627167674805633,3.6363942966721754e-06,GALAXY,Y
121,T202309212324149m003446,,,,,T202309212324149m003446,351.06198514227304,-0.5795077094195281,0.24508195629052307,1.35859673151417e-05,GALAXY,Y
122,A202210262324006m002509,,,A202210262324006m002509,,T202308032324006m002508,351.00258669670006,-0.4190088909684023,0.1498930171098937,2.5767519219683696e-05,GALAXY,Y
123,T202309092323584m001620,,,,,T202309092323584m001620,350.9932944165838,-0.2721968956111269,,,,N
124,A202210112323306p003224,,,A202210112323306p003224,,,350.8775496876938,0.5399107698760917,,,,N
125,T202210022323084m010144,,,T202210022323084m010144,,,350.78486993233184,-1.028842889310409,,,,N
126,C202210142321404m004022,,,C202210142321404m004022,,,350.4181786753516,-0.6727974062459202,0.6023436121179064,3.191048713369964e-05,QSO,Y
127,T202210112321177m002637,,,T202210112321177m002637,,,350.32390795655283,-0.4437456517474703,0.27501272925559583,2.017152668472422e-05,GALAXY,Y
128,C202210112321127m020854,,,C202210112321127m020854,,,350.30304398541443,-2.1484529606421816,,,,N
129,T202210232321043m003030,,,T202210232321043m003030,,,350.2681090422165,-0.5083129090942398,,,,N
130,A202308132320551p002140,,,,,A202308132320551p002140,350.22972534503646,0.3610659011255385,0.7718808844045845,9.075365231453518e-05,QSO,Y
131,C202209122320225p003809,,,C202209122320225p003809,,,350.09389357704583,0.6357792824659113,,,,N
132,C202210022316351m021730,,,C202210022316351m021730,,,349.146146654058,-2.291748656725136,,,,N
133,C202310212315186m030007,,,,,C202310212315186m030007,348.82761806553214,-3.0019863808013345,,,,N
134,C202308022314082m013215,,,,,C202308022314082m013215,348.534187009045,-1.5373836572079436,,,,N
135,C202210022308188m000210,,,C202210022308188m000210,,,347.0785410218029,-0.0362371983804622,0.28368092095983966,6.8661516137275735e-06,GALAXY,Y
136,T202308022306347p005904,,,,,T202308022306347p005904,346.64440245098336,0.9844576129395248,0.09234670440766467,9.130125065679647e-06,GALAXY,Y
137,C202308022301113m001015,,,,,C202308022301113m001015,345.29702850145,-0.170724782389954,0.4530827225266415,7.358721332596079e-05,GALAXY,Y
138,C202207072259513m002342,,C202207072259513m002342,,,,344.9636144178018,-0.3950337375748834,,,,N
139,C202207072256555p002544,,C202207072256555p002544,,,,344.2311585741625,0.4287660916127119,,,,N
140,T202207072254555m003104,,T202207072254555m003104,,,,343.7312994885943,-0.5177922661919351,0.21693377412150208,2.5216724859921076e-05,GALAXY,Y
141,T202209142251384p002243,,,T202209142251384p002243,,,342.909993481127,0.3785540465028894,,,,N
142,C202308042251220m004427,,,,,C202308042251220m004427,342.8418475193375,-0.7408952240191271,0.1691438026013049,0.00010067142942106812,GALAXY,Y
143,T202308022250351p001128,,,,,T202308022250351p001128,342.646177977982,0.1912195378538364,0.16144514548771924,7.528659225945252e-06,GALAXY,Y
144,A202308132243083m001103,,,,,A202308132243083m001103,340.7847512787956,-0.1842812333071605,,,,N
145,T202308022240591m004956,,,,,T202308022240591m004956,340.24610346350187,-0.8323017454769878,,,,N
146,A202311050216393m123515,,,,,A202311050216393m123515,34.16357719482419,-12.587365406909928,,,,N
147,C202311050216215m145647,,,,,C202311050216215m145647,34.08969859476817,-14.946456330298474,,,,N
148,C202308042239178p001749,,,,,C202308042239178p001749,339.8241669008884,0.2970341123638098,0.21470138950525097,5.446909462766666e-05,GALAXY,Y
149,C202308072233097m030734,,,,,C202308072233097m030734,338.29045026317846,-3.1260439258725783,,,,N
150,T202305152231354m025619,,,,T202305152231354m025619,,337.89758200611044,-2.9387265900771538,0.10703372235249742,4.445882940122772e-06,GALAXY,Y
151,A202310092224039m002210,,,,,A202310092224039m002210,336.016054544114,-0.3693059382054401,,,,N
152,T202306142220071m031954,,,,T202306142220071m031954,T202308132220071m031954,335.02950378742827,-3.331662429623657,0.09885060519755116,3.6226084805863904e-06,GALAXY,Y
153,C202307142218427m035000,,,,C202307142218427m035000,A202308072218427m035001,334.67807467472056,-3.833475777938979,0.09016169988129939,3.834080954655957e-05,GALAXY,Y
154,T202307142216554m040054,,,,T202307142216554m040054,T202308072216554m040054,334.23069398011774,-4.015005478326273,,,,N
155,A202308132216146m051209,,,,,A202308132216146m051209,334.060629591888,-5.202378270643915,,,,N
156,T202209142216078p005214,,,T202209142216078p005214,,,334.0324430197757,0.8705815063963918,0.15874898716144137,1.840196148241742e-05,GALAXY,Y
157,C202307232216043m022812,,,,C202307232216043m022812,C202308072216043m022811,334.01798365769145,-2.469901292020191,,,,N
158,T202305102214539m021658,,,,T202305102214539m021658,,333.72470541496887,-2.282898378573416,,,,N
159,C202308132213233m052627,,,,,C202308132213233m052627,333.3468807790384,-5.440723989101597,0.10816964829761322,9.890530196056082e-06,GALAXY,Y
160,T202307142211073m051414,,,,T202307142211073m051414,T202308072211073m051414,332.7806038831186,-5.23733266833244,0.08769073866244216,4.101350588054851e-05,GALAXY,Y
161,T202309152208526m014055,,,,,T202309152208526m014055,332.21920642915256,-1.6819827135732608,,,,N
162,T202307262204437m043655,,,,T202307262204437m043655,T202308132204437m043655,331.18226867274524,-4.615177568969139,0.26236855440904583,2.6456103707483335e-05,GALAXY,Y
163,C202305152204099m053815,,,,C202305152204099m053815,,331.0411266081672,-5.637580867309289,0.2617972199784008,5.373234262466577e-06,GALAXY,Y
164,T202310092203208m281829,,,,,T202310092203208m281829,330.83672225737894,-28.307919592828668,,,,N
165,T202308022202359p003058,,,,,T202308022202359p003058,330.6495517556218,0.5160411183867334,,,,N
166,C202308132202308m002145,,,,,C202308132202308m002145,330.6285057547948,-0.3625915020837945,0.22653578770270952,6.211982670838505e-06,GALAXY,Y
167,C202311050215369m161130,,,,,C202311050215369m161130,33.903823466050945,-16.191588779683414,0.1435022576543328,3.3079999484456624e-05,GALAXY,Y
168,T202312110215230m150126,,,,,T202312110215230m150126,33.8457419470926,-15.02382626415804,0.11660003056090823,1.9928348511215472e-06,GALAXY,Y
169,T202311050214528m152405,,,,,T202311050214528m152405,33.71985681301474,-15.401375400773542,0.19171643724541126,1.1668800992996501e-05,GALAXY,Y
170,T202210022134567p063448,,,T202210022134567p063448,,,323.7362991449162,6.58004157951892,,,,N
171,C202207312134334p042726,,C202207312134334p042726,C202208082134334p042726,,,323.63928053477173,4.457250417459773,0.06895937796748777,3.5989511406067953e-06,GALAXY,Y
172,C202205242133106p070404,,C202205242133106p070404,,,,323.2943686067605,7.067803177579577,0.2109771986147442,6.478912818838464e-05,GALAXY,Y
173,C202205272133083p051032,,C202205272133083p051032,,,,323.2844665386756,5.1756552945407055,,,,N
174,A202205152131182p064118,,A202205152131182p064118,C202208152131182p064118,,,322.82586324243846,6.688248993921486,,,,N
175,T202209112131180p050709,,,T202209112131180p050709,,,322.8248556630918,5.1192928160972215,0.13332483753220137,1.8890616060245736e-05,GALAXY,Y
176,T202207312131135p040050,,T202207312131135p040050,T202208152131135p040051,,,322.8063309219672,4.014059280382911,,,,N
177,C202206082129244p055156,,C202206082129244p055156,,,,322.3518554688388,5.865546155864429,0.3140777285800004,1.3457797097920146e-05,GALAXY,Y
178,T202205152126334p040318,,T202205152126334p040318,T202208212126334p040318,,,321.639078893448,4.0549024870620975,1.2214382576009912,0.00013276234208422716,GALAXY,Y
179,C202206252125413p063604,,C202206252125413p063604,,,,321.42191336537894,6.601060740285188,0.18163563248896136,3.948760492058317e-06,GALAXY,Y
180,A202205272124462p061613,,A202205272124462p061613,,,,321.1926235666332,6.2702509461860965,,,,N
181,C202205152124042p043110,,C202205152124042p043110,,,,321.0177000667691,4.519557796988996,0.14056633375221778,3.549202650627804e-05,GALAXY,Y
182,A202208212124034p053416,,,A202208212124034p053416,,,321.0143196492443,5.571026106106788,0.23476973672719942,0.00011484442207055856,GALAXY,Y
183,A202207312121171p053705,,A202207312121171p053705,A202208212121171p053705,,,320.3213809895507,5.618044170250784,-3.3556464258205537e-06,3.9395632798199994e-05,STAR,Y
184,C202206092121029p052318,,C202206092121029p052318,,,,320.26208839999805,5.388410697585792,,,,N
185,T202311050211126m145234,,,,,T202311050211126m145234,32.8024343869224,-14.876085181973329,,,,N
186,T202307260210214m012713,,,,T202307260210214m012713,T202308020210214m012712,32.58914207566866,-1.4534525888426142,,,,N
187,T202312110209226m160507,,,,,T202312110209226m160507,32.34412091962957,-16.085347816029536,,,,N
188,C202311050209205m163222,,,,,C202311050209205m163222,32.33535642253252,-16.539345075124537,,,,N
189,C202311110209036m162634,,,,,C202311110209036m162634,32.26504172370016,-16.442871921017414,,,,N
190,T202309240209022m005330,,,,,T202309240209022m005330,32.25912378527425,-0.8916955692628705,,,,N
191,C202311110208206m160627,,,,,C202311110208206m160627,32.085738068261925,-16.10759483130349,0.27600049485859307,5.764340375422326e-05,GALAXY,Y
192,T202307260208165m004318,,,,T202307260208165m004318,T202308020208165m004318,32.068761506078815,-0.7215669296212159,0.09182109518928604,7.797090521454009e-06,GALAXY,Y
193,A202206282118233p064223,,A202206282118233p064223,,,,319.5971266994777,6.706399630891784,,,,N
194,C202208082116538p063323,,,C202208082116538p063323,,,319.2242527975833,6.55643286929618,0.389755040880392,1.8547983735169273e-05,QSO,Y
195,T202206082116266p041605,,T202206082116266p041605,,,,319.1107720796253,4.268039917735266,0.13984614771149667,3.457347440397845e-05,GALAXY,Y
196,T202206282115440p044616,,T202206282115440p044616,,,,318.93314100759284,4.771065512518294,,,,N
197,T202209052113064p062525,,T202209052113064p062525,T202209112113064p062526,,,318.2768368426752,6.423761848439818,0.04753709742980937,7.966769449652388e-06,GALAXY,Y
198,T202207012113019p052516,,T202207012113019p052516,,,,318.25782590944823,5.421232316573223,,,,N
199,C202206082111212p045759,,C202206082111212p045759,,,,317.8384676609093,4.966306481764964,0.21330112371559945,3.0536776516021765e-05,GALAXY,Y
200,T202210102110290p072120,,,T202210102110290p072120,,,317.62098056578066,7.355678418612782,0.2127796971633931,2.3145680350124446e-05,GALAXY,Y
201,T202209122109057p061917,,,T202209122109057p061917,,,317.27389270734864,6.321279505566054,,,,N
202,T202208082108589p064501,,,T202208082108589p064501,,,317.2452980635608,6.750286893980876,0.1475533159375167,2.7705924619329306e-05,GALAXY,Y
203,C202208032106241p061948,,C202208032106241p061948,C202208152106241p061948,,,316.6005671462517,6.330027717341489,,,,N
204,C202206082103410p050715,,C202206082103410p050715,,,,315.9209463093,5.120921490765928,,,,N
205,T202205182103057p052317,,T202205182103057p052317,,,,315.7737172828218,5.388002365672944,,,,N
206,T202205242102426p044710,,T202205242102426p044710,,,,315.6776053185203,4.786108603170365,,,,N
207,T202312140207366m160711,,,,,T202312140207366m160711,31.90256974484043,-16.119588158808867,,,,N
208,T202312110206209m155534,,,,,T202312110206209m155534,31.587112865049352,-15.926038063666208,,,,N
209,T202308310206063m132406,,,,,T202308310206063m132406,31.52620856073972,-13.401555814761714,,,,N
210,A202311050204219m163129,,,,,A202311050204219m163129,31.0912548297109,-16.52475213397422,,,,N
211,T202311050204036m133130,,,,,T202311050204036m133130,31.014824300964737,-13.525131583792492,,,,N
212,A202312110201540m132017,,,,,A202312110201540m132017,30.47515873238455,-13.337999548442216,,,,N
213,T202312110200338m134521,,,,,T202312110200338m134521,30.14099427566356,-13.7558541308514,0.49950738246300863,8.260113760493148e-05,GALAXY,Y
214,T202209140014026p000040,,,T202209140014026p000040,,,3.5109237193086567,0.0110402464190093,0.1476827138138636,7.666845225305384e-06,GALAXY,Y
215,T202310060013028m001416,,,,,T202310060013028m001416,3.2614766617498567,-0.237883529800857,0.33552186613762225,9.951157360355722e-05,GALAXY,Y
216,C202312110159540m161112,,,,,C202312110159540m161112,29.975184795476032,-16.186556260333894,,,,N
217,T202309270158119m132941,,,,,T202309270158119m132941,29.54955426330873,-13.49462694255341,,,,N
218,C202312110157169m162055,,,,,C202312110157169m162055,29.32020982837217,-16.348622058375277,,,,N
219,T202309270157056m161517,,,,,T202309270157056m161517,29.2733443231671,-16.25477863685833,,,,N
220,T202311050154223m144143,,,,,T202311050154223m144143,28.59277935784374,-14.695194816665568,,,,N
221,C202308310152009m145837,,,,,C202308310152009m145837,28.003713939364573,-14.977048760606907,,,,N
222,C202312110151466m165259,,,,,C202312110151466m165259,27.944286412778524,-16.882955079896647,,,,N
223,T202311050150072m124738,,,,,T202311050150072m124738,27.53015658198532,-12.794000220929902,,,,N
224,C202311050149551m144009,,,,,C202311050149551m144009,27.47953815029979,-14.669270445019714,,,,N
225,C202312140147119m145112,,,,,C202312140147119m145112,26.799409369138807,-14.853364493064545,,,,N
226,A202311050137029m143403,,,,,A202311050137029m143403,24.26210363809417,-14.567392438926705,,,,N
227,C202303101518050p071835,,,,C202303101518050p071835,,229.52090450209,7.30978602552925,0.042708097773732814,1.4059393120970834e-06,GALAXY,Y
228,C202303251515116p072036,,,,C202303251515116p072036,,228.7983630018732,7.343307712021716,,,,N
229,A202204271513030p084326,,A202204271513030p084326,,,,228.26242966393008,8.723795700862095,,,,N
230,T202303221511133p074721,,,,T202303221511133p074721,,227.80554275665,7.789236417751735,,,,N
231,T202204211511030p072013,,T202204211511030p072013,,,,227.7623043952388,7.336854502367005,,,,N
232,C202204241511009p055818,,C202204241511009p055818,,,,227.75384837923173,5.971716612697129,0.07459658635799246,3.299843432056646e-05,GALAXY,Y
233,T202204211510431p082552,,T202204211510431p082552,,,,227.67965992429143,8.431141398527876,,,,N
234,T202204211510263p060023,,T202204211510263p060023,,,,227.6094663686825,6.006508304728331,,,,N
235,T202304031510101p055233,,,,T202304031510101p055233,,227.54190424354016,5.875815306302626,,,,N
236,T202204241509329p082207,,T202204241509329p082207,,,,227.38713339400985,8.36852048910434,,,,N
237,T202204211509249p073640,,T202204211509249p073640,,,,227.3537499712408,7.611127304480727,0.0711098950278445,2.1821093681362947e-06,GALAXY,Y
238,C202303221508244p074605,,,,C202303221508244p074605,,227.101859102836,7.768175695532727,,,,N
239,T202303221508196p081140,,,,T202303221508196p081140,,227.08169418790044,8.194578706325071,,,,N
240,C202204211507010p072628,,C202204211507010p072628,,,,226.75422449957503,7.441060550624435,0.14065737998186753,7.94684798933697e-05,GALAXY,Y
241,T202204211506557p073253,,T202204211506557p073253,,,,226.7322430297409,7.548188493817699,,,,N
242,T202303251504178p062006,,,,T202303251504178p062006,,226.0739606644132,6.334998883829058,0.29097366078972425,1.1677334205385405e-05,GALAXY,Y
243,T202305121502382p075751,,,,T202305121502382p075751,,225.6593022798981,7.964146228786792,0.14882212919178903,3.758864227082887e-05,GALAXY,Y
244,T202305121501588p082137,,,,T202305121501588p082137,,225.49489618554736,8.360351811199797,0.09592293997011518,3.8411309915194555e-06,GALAXY,Y
245,C202303101501128p071729,,,,C202303101501128p071729,,225.30351412611043,7.291399080763463,,,,N
246,T202303101500070p072655,,,,T202303101500070p072655,,225.02929763134665,7.448690797450701,,,,N
247,T202204211458225p064402,,T202204211458225p064402,,,,224.5936721998896,6.733906501966363,,,,N
248,T202205091458018p074630,,T202205091458018p074630,,,,224.507559164406,7.775037653962609,,,,N
249,T202204211456513p074938,,T202204211456513p074938,,T202303071456513p074938,,224.21369809828764,7.827187042659125,0.056016599869034615,2.6042873040108864e-06,GALAXY,Y
250,T202303251455400p055850,,,,T202303251455400p055850,,223.91656330844648,5.980526560146676,0.12683948273499382,5.392268545906304e-06,GALAXY,Y
251,C202303251455372p071256,,,,C202303251455372p071256,,223.90497654707883,7.2155942031670275,,,,N
252,C202304031454219p085027,,,,C202304031454219p085027,,223.59145357734403,8.840745120459385,,,,N
253,T202303161453596p060858,,,,T202303161453596p060858,,223.49836695731068,6.149369343116303,0.4101369430583644,6.397253882820062e-05,GALAXY,Y
254,T202303071453383p085725,,,,T202303071453383p085725,T202308011453383p085725,223.4095470173213,8.95694439040713,0.19908150362060753,1.8923295430335887e-05,GALAXY,Y
255,A202303101453011p070224,,,,A202303101453011p070224,,223.2547247710461,7.040131898821014,0.2742006710049424,6.396995544174518e-05,GALAXY,Y
256,C202204211452491p082532,,C202204211452491p082532,,,,223.20476722580003,8.425460269446134,0.1805485896874845,3.671335609754028e-05,GALAXY,Y
257,C202104061452440m003929,C202104061452440m003929,,,,,223.183539236602,-0.6579744355641632,,,,N
258,C202305151452103p082213,,,,C202305151452103p082213,,223.0428420921401,8.370372628895915,,,,N
259,C202304121451481p063055,,,,C202304121451481p063055,,222.950335959348,6.515207101534736,,,,N
260,T202303071451032p081844,,,,T202303071451032p081844,,222.76336189307088,8.312357879075767,0.13565161384138869,8.286152113114222e-06,GALAXY,Y
261,C202204241450579p071436,,C202204241450579p071436,,,,222.74104765081955,7.243405513785622,,,,N
262,C202204211450518p064119,,C202204211450518p064119,,,,222.7159201679274,6.688661190391397,,,,N
263,C202303251450351p080942,,,,C202303251450351p080942,,222.6462574369165,8.161577536228494,0.06452327273339557,3.6474370163097113e-06,GALAXY,Y
264,A202305101450083p072341,,,,A202305101450083p072341,,222.53478907092665,7.394627337118258,,,,N
265,C202303101448334p063054,,,,C202303101448334p063054,,222.13937147564235,6.5151009143488405,0.30352469598543935,1.8566325666813132e-05,GALAXY,Y
266,A202104061448327m020938,A202104061448327m020938,,,,,222.1363278252177,-2.1606058171958296,,,,N
267,T202205061448130p065147,,T202205061448130p065147,,,,222.0541919137176,6.863117075475599,,,,N
268,C202303071447281p070518,,,,C202303071447281p070518,,221.86698419448533,7.088436339630798,0.13970118472048237,3.7239149976664516e-06,GALAXY,Y
269,T202303071447182p071048,,,,T202303071447182p071048,,221.82596496800687,7.179924322041688,,,,N
270,A202103281447030p002833,A202103281447030p002833,,,,,221.762447918809,0.4757481343580843,,,,N
271,T202105121446584p005443,T202105121446584p005443,,,,,221.74334743101625,0.9118064904702816,,,,N
272,T202104061446512m012619,T202104061446512m012619,,,,,221.7132791559136,-1.4384972655859694,0.4555616476504856,5.3527961347903096e-05,GALAXY,Y
273,T202104061445243p005752,T202104061445243p005752,,,,,221.3514019923658,0.964395731930662,,,,N
274,A202103221445116m031727,A202103221445116m031727,,,,,221.298242519792,-3.2909278223762386,,,,N
275,C202303071444119p081230,,,,C202303071444119p081230,,221.04958351935807,8.208345510236192,0.23818019905725904,6.58970391741188e-05,GALAXY,Y
276,A202105121444069p010042,A202105121444069p010042,,,,,221.0286902006337,1.0116749317316616,0.27991763731418773,6.858508122161599e-05,GALAXY,Y
277,A202204271443214p080044,,A202204271443214p080044,,,,220.8390416968324,8.012203965006805,,,,N
278,C202105151443160m024133,C202105151443160m024133,,,,,220.81659124804423,-2.6924248749082307,0.15303957575762822,1.6687307861638886e-05,GALAXY,Y
279,C202104061443116m002550,C202104061443116m002550,,,,,220.7983888553448,-0.4305789564251474,0.3208095095951777,2.8508267082778432e-05,GALAXY,Y
280,T202303071443051p072704,,,,T202303071443051p072704,,220.7713478140898,7.45106427833154,,,,N
281,T202304031443026p084620,,,,T202304031443026p084620,,220.76103588694167,8.772184456686102,,,,N
282,T202104121442449m012158,T202104121442449m012158,,,,,220.6871494287165,-1.3662494336454285,1.3320283428249687e-05,3.821669153894905e-05,STAR,Y
283,A202104091442413p011829,A202104091442413p011829,,,,,220.6721528399432,1.3079572344761194,,,,N
284,C202205121442219p071704,,C202205121442219p071704,,,,220.5912481832392,7.284315530293496,0.7033295908559671,9.056954733364631e-06,GALAXY,Y
285,T202303071441372p075308,,,,T202303071441372p075308,,220.40519087986732,7.885655238976612,0.2090970932232913,7.1239472170801956e-06,GALAXY,Y
286,A202104061441337p003659,A202104061441337p003659,,,,,220.3902978790381,0.6164124351352092,,,,N
287,C202106051440539m002835,C202106051440539m002835,,,,,220.2244009150234,-0.4764812591437518,,,,N
288,A202104091440508p012949,A202104091440508p012949,,,,,220.21171936872483,1.4970616944910895,,,,N
289,A202105151440385p022835,A202105151440385p022835,,,,,220.1604739658408,2.4764276377252004,,,,N
290,T202103281440354p000304,T202103281440354p000304,,,,,220.1476806357365,0.0510214243848713,0.14755648798022744,3.6370993064558746e-05,GALAXY,Y
291,C202104061439495p014952,C202104061439495p014952,,,,,219.95614550645627,1.83103005364546,0.395546293550593,7.337648416352067e-05,GALAXY,Y
292,T202205031439183p072921,,T202205031439183p072921,,,,219.8260929616924,7.4891922578877725,,,,N
293,C202104091438448p000628,C202104091438448p000628,,,,,219.6868025406632,0.1078473010962972,,,,N
294,T202105061438290m005802,T202105061438290m005802,,,,,219.6206528155101,-0.9673232203142892,0.267288723828617,2.3201464880977863e-05,GALAXY,Y
295,T202104061437506m001138,T202104061437506m001138,,,,,219.46080870982868,-0.193915098538957,0.14472222119012812,5.096636420169826e-05,GALAXY,Y
296,C202103221437107m015403,C202103221437107m015403,,,,,219.29445531723,-1.9008893790599948,,,,N
297,T202104251436231m003503,T202104251436231m003503,,,,,219.0964277272784,-0.58427287747865,0.08199471076212768,2.329971870340016e-06,GALAXY,Y
298,A202103221436217m014328,A202103221436217m014328,,,,,219.0905822663051,-1.724582739697416,,,,N
299,T202105151435418p002302,T202105151435418p002302,,,,,218.9239973019733,0.3838120026658883,0.18381937594253717,1.5327764295782815e-05,GALAXY,Y
300,A202105151435416m003736,A202105151435416m003736,,,,,218.9233521537072,-0.6266700299761797,,,,N
301,C202104061434053m002734,C202104061434053m002734,,,,,218.52206160765536,-0.45942518047264,,,,N
302,T202105061432384p020947,T202105061432384p020947,,,,,218.15993769955008,2.1631018202423262,,,,N
303,C202103311432147p012014,C202103311432147p012014,,,,,218.0610801539084,1.3372924525261052,0.13642455234488135,3.64799436973382e-05,GALAXY,Y
304,C202105151431600p024459,C202105151431600p024459,,,,,217.9998735939124,2.7497463981414403,,,,N
305,T202105061431400m005958,T202105061431400m005958,,,,,217.9165728685437,-0.9993658234524364,0.13716244580237874,8.091055687549989e-06,GALAXY,Y
306,C202303161430044m012357,,,,C202303161430044m012357,,217.51841763269704,-1.3992337213378605,,,,N
307,T202105121429256p013410,T202105121429256p013410,,,,,217.3564780029197,1.5694131144060608,0.20386143062754183,9.957333672674528e-06,GALAXY,Y
308,T202103221429023p023343,T202103221429023p023343,,,,,217.25962884448583,2.561961473039956,0.14306613898251624,2.196893490611618e-06,GALAXY,Y
309,A202103221428334m002738,A202103221428334m002738,,,,,217.13926456577124,-0.4605170515115345,0.2780711929451216,1.842850245971426e-05,GALAXY,Y
310,T202304121427276p003309,,,,T202304121427276p003309,,216.86491465303243,0.5523668547945397,,,,N
311,T202303221427198m014020,,,,T202303221427198m014020,,216.8325546464352,-1.672115622121732,0.05346756905883521,2.378279165934398e-06,GALAXY,Y
312,T202305101427137p002545,,,,T202305101427137p002545,,216.80688914547704,0.4292412089828576,0.9979656602756963,3.585745820724593e-05,GALAXY,Y
313,A202205061427068m013125,,A202205061427068m013125,,,,216.7782530268316,-1.5237431006741895,0.16479783964047387,3.0313835836089262e-06,GALAXY,Y
314,C202104061426512m004411,C202104061426512m004411,,,,,216.7135298201784,-0.7362854702580135,0.19486178409257357,2.7994826705262898e-05,GALAXY,Y
315,C202205031426419m012043,,C202205031426419m012043,,,,216.674590362478,-1.3453377703925458,,,,N
316,T202303281426412p002347,,,,T202303281426412p002347,,216.67168050543148,0.3964799757683021,,,,N
317,T202204211426361m013102,,T202204211426361m013102,,,,216.650571460828,-1.5171621057027431,,,,N
318,C202205181426345p001456,,C202205181426345p001456,,,,216.64384352516305,0.2489190154223201,0.2884009489290268,3.189967378083871e-05,GALAXY,Y
319,C202303161426191m013117,,,,C202303161426191m013117,,216.5795300722829,-1.5212592169567374,0.2640623963046238,3.6816989808896556e-05,QSO,Y
320,C202208111425324p001351,,,C202208111425324p001351,A202303161425324p001351,,216.38492776677845,0.2308975963369445,0.5942907934797399,7.129577548969298e-05,QSO,Y
321,T202305101425309m002657,,,,T202305101425309m002657,,216.3786822589929,-0.4491500661350642,0.16990743919315554,4.308275161777462e-06,GALAXY,Y
322,C202304121424554m010302,,,,C202304121424554m010302,,216.2306432082597,-1.0505254671999378,,,,N
323,T202303161424473m020936,,,,T202303161424473m020936,,216.1969813223945,-2.1600033541859407,,,,N
324,T202303221424161p000908,,,,T202303221424161p000908,,216.06728300728167,0.1523386975562648,,,,N
325,C202204241424039m013205,,C202204241424039m013205,,,,216.0164230084256,-1.5346558825348149,0.24322040947618623,1.8363174042204395e-05,GALAXY,Y
326,C202206281423547m001700,,C202206281423547m001700,,,,215.97809467640468,-0.2833548186126062,0.1742866363495794,7.119127407936592e-05,GALAXY,Y
327,C202303281423209m022118,,,,C202303281423209m022118,,215.8370279054647,-2.35504420405914,,,,N
328,C202303221423125m011810,,,,C202303221423125m011810,,215.8019693060465,-1.3027130837020349,0.3709305051061637,1.5318741546504348e-05,GALAXY,Y
329,T202303281423100m014233,,,,T202303281423100m014233,,215.7918462025599,-1.7090369036676656,0.3592035009829891,1.1681856955935526e-05,GALAXY,Y
330,T202303161422390m005440,,,,T202303161422390m005440,,215.6626630514509,-0.911248893734748,,,,N
331,T202204271422183m023405,,T202204271422183m023405,,,,215.5760531882164,-2.5680792138500674,0.8546283543471425,3.1995877573567086e-05,GALAXY,Y
332,C202204241421556m003346,,C202204241421556m003346,,,,215.48154360406332,-0.5628641634876371,0.11971332148003992,8.826701544483193e-06,GALAXY,Y
333,T202206141421552m003322,,T202206141421552m003322,T202208111421552m003322,,,215.48013053546856,-0.5562052195409792,0.052342234619414695,9.917769438809025e-06,GALAXY,Y
334,C202204241421207m000554,,C202204241421207m000554,,,,215.33633635450283,-0.0982889954834484,,,,N
335,A202105061421132p004942,A202105061421132p004942,,,,,215.3048302939744,0.8284446605205784,,,,N
336,T202208111420576m022006,,,T202208111420576m022006,T202303221420576m022006,,215.23986803417404,-2.3350556041658,0.28490371249049806,2.039707788481461e-05,QSO,Y
337,C202204211420306m004130,,C202204211420306m004130,,,,215.12767397354537,-0.6916979977821024,0.24876615318470294,4.759734164572901e-05,GALAXY,Y
338,C202204211420286p001610,,C202204211420286p001610,,,,215.11914853572264,0.269370764710548,0.2304521014318004,3.3183991781182327e-06,GALAXY,Y
339,A202303221420080m015945,,,,A202303221420080m015945,,215.0333411279641,-1.9959137519614,0.7275713798061871,5.98095176174917e-05,GALAXY,Y
340,A202204301420018m003313,,A202204301420018m003313,,,,215.0074411046397,-0.5536604386163985,0.9229093868580968,8.471393440665486e-05,QSO,Y
341,A202103221420007m031954,A202103221420007m031954,,,,,215.00299435660443,-3.331766861155677,0.10350349412131617,8.6965888904342e-06,QSO,Y
342,T202303281419329m022250,,,,T202303281419329m022250,,214.8870411526166,-2.380540730827672,0.12603011658434302,4.424367703644232e-06,GALAXY,Y
343,C202204211419271p000550,,C202204211419271p000550,,,,214.8628193579766,0.097244284045237,,,,N
344,T202206281419209m001224,,T202206281419209m001224,T202208111419210m001225,,,214.8372783935918,-0.2067852887037924,,,,N
345,C202303281419114m004418,,,,C202303281419114m004418,,214.79762464957705,-0.7383490877051962,,,,N
346,A202104121418583m020408,A202104121418583m020408,,,,,214.74309235430573,-2.068864696973077,,,,N
347,C202105061418191m003823,C202105061418191m003823,,,,,214.57938646500256,-0.6396149489197018,0.13789753047226402,1.0858542428118652e-05,GALAXY,Y
348,T202303221418153m001142,,,,T202303221418153m001142,,214.5638766033408,-0.1949065139506949,,,,N
349,C202304121418038m000907,,,,C202304121418038m000907,,214.51603591762355,-0.151844844865452,0.336115428513655,4.360992566227525e-05,GALAXY,Y
350,T202104091417519m034550,T202104091417519m034550,,,,,214.46632806302645,-3.7637694394401615,0.19027294666536804,1.7365900599204106e-05,GALAXY,Y
351,C202104061417333p005338,C202104061417333p005338,,,,,214.388894224766,0.8940139039620738,0.2988772267989063,1.819523423828721e-05,GALAXY,Y
352,A202103221417304m001718,A202103221417304m001718,,,A202303221417304m001718,,214.3765955712186,-0.2882575443087464,0.2598418021896894,4.483783983254066e-05,QSO,Y
353,C202303221416256m003333,,,,C202303221416256m003333,,214.1066939323952,-0.5591683552271289,0.4440370178265413,7.182348664607362e-05,QSO,Y
354,C202204211415477m002316,,C202204211415477m002316,,,,213.94894338810303,-0.3877378850114675,,,,N
355,A202104061415293m001101,A202104061415293m001101,,,,,213.8721138797356,-0.1834911201808112,,,,N
356,C202204301415248p001602,,C202204301415248p001602,,,,213.8532396483004,0.2672441276434309,0.17689995593869107,1.4582513508288118e-06,GALAXY,Y
357,A202105061415179p020156,A202105061415179p020156,,,,,213.82451173104988,2.032249579183886,0.21628572418891218,5.551602459066788e-05,GALAXY,Y
358,A202104061415068p022542,A202104061415068p022542,,,,,213.7783622196829,2.4284204139422707,,,,N
359,C202103221410269m003625,C202103221410269m003625,,,,,212.6118936048321,-0.6070251763553545,,,,N
360,C202105031410224m011849,C202105031410224m011849,,,,,212.59314692112687,-1.3136230963534112,0.37544524376539196,1.8936587260273203e-05,GALAXY,Y
361,C202104061410153p022017,C202104061410153p022017,,,,,212.5639083884469,2.338035590422518,,,,N
362,A202103221409524m022117,A202103221409524m022117,,,,,212.46848077113543,-2.354586717200749,0.7007454461142253,5.282680083348536e-05,QSO,Y
363,T202103221409114m002441,T202103221409114m002441,,,,,212.2974350932761,-0.4114033799608396,0.08307223169341947,9.112654507921088e-06,GALAXY,Y
364,A202104151408147m001144,A202104151408147m001144,,,,,212.06127116526568,-0.1954653218063695,,,,N
365,A202103221408044m032820,A202103221408044m032820,,,,,212.01841730071504,-3.4721310193194834,0.37813276851467714,5.777275684256792e-05,GALAXY,Y
366,A202103221407429p022855,A202103221407429p022855,,,,,211.92868833994007,2.4819088982186845,0.3183128201580971,1.9103829470856102e-05,QSO,Y
367,C202105091359125p045958,C202105091359125p045958,,,,,209.80225257607665,4.9993706183582045,,,,N
368,C202302081335244p183158,,,,C202302081335244p183158,,203.8516231945631,18.53289549690165,0.425516142235923,8.741932633419256e-05,QSO,Y
369,A202303041331203p155509,,,,A202303041331203p155509,,202.83438946397249,15.919094639384063,0.20189668901453092,2.0542458016519643e-05,GALAXY,Y
370,T202303041331164p164158,,,,T202303041331164p164158,,202.8182105741396,16.69948867129073,0.09176077062454774,2.0825845662295732e-05,GALAXY,Y
371,T202302081330445p170848,,,,T202302081330445p170848,,202.68527240740204,17.146653262559983,0.12881031880364105,6.331173735134547e-06,GALAXY,Y
372,T202303251330084p165852,,,,T202303251330084p165852,,202.53481674574672,16.981227308417374,0.2065355776988934,6.696463770379966e-05,GALAXY,Y
373,A202302081328028p155107,,,,A202302081328028p155107,,202.01174308092288,15.85196556212183,0.07858834848217551,7.485180352729734e-06,GALAXY,Y
374,T202308020009413m003150,,,,,T202308020009413m003150,2.42201307382632,-0.5305477911900378,,,,N
375,T202210260008201m002039,,,T202210260008201m002039,,,2.0836965475830738,-0.3442740657043679,,,,N
376,A202204211309244p070809,,A202204211309244p070809,,,,197.3515449631768,7.135951880443328,,,,N
377,C202303221309233p075219,,,,C202303221309233p075219,,197.34724223264425,7.871880914517625,0.32262989097551664,1.157869900203235e-05,GALAXY,Y
378,T202302081308130p071717,,,,T202302081308130p071717,,197.05436270371945,7.2881669039970784,0.16911239607184222,4.905397099377456e-06,GALAXY,Y
379,C202205211307390p063957,,C202205211307390p063957,,,,196.9125704137341,6.665957854546814,0.16624275748041806,2.5139468170431136e-06,GALAXY,Y
380,T202302081307322p061914,,,,T202302081307322p061914,,196.88415280606264,6.320498615288303,,,,N
381,T202303311307249p060216,,,,T202303311307249p060216,,196.85377957781063,6.037722500311338,0.11403125424343823,7.62510720795412e-06,GALAXY,Y
382,T202304031307155p065047,,,,T202304031307155p065047,,196.8147064513388,6.846497477395147,0.1272066166808757,3.7154160018440856e-06,GALAXY,Y
383,C202205181306303p061030,,C202205181306303p061030,,,,196.62634008137988,6.175033563401301,,,,N
384,T202205031306031p060846,,T202205031306031p060846,,,,196.5129108972661,6.146014211102207,0.09144140961326773,6.85066516587561e-05,GALAXY,Y
385,T202206081306031p073609,,T202206081306031p073609,,,,196.51283806815755,7.602405636813402,0.06225552307665945,1.6738848176708157e-05,GALAXY,Y
386,A202205091305569p061704,,A202205091305569p061704,,,,196.4871395031201,6.284312645521529,0.10415953278546815,3.125175248926753e-06,GALAXY,Y
387,A202204211305426p070938,,A202204211305426p070938,,,,196.4275430649749,7.160417536960438,0.06218297408818709,2.0029831696204846e-06,GALAXY,Y
388,C202302261305195p065146,,,,C202302261305195p065146,,196.33120403473785,6.862674589853544,,,,N
389,C202204211303383p064949,,C202204211303383p064949,,,,195.90950402551144,6.830142301379027,,,,N
390,C202205181303367p051040,,C202205181303367p051040,,,,195.9030067283514,5.17789238982967,0.14030185275642415,2.9345475390938198e-05,GALAXY,Y
391,T202303221302574p074049,,,,T202303221302574p074049,,195.7391447057892,7.680300839849519,0.07049004731080939,3.2367548539927244e-06,GALAXY,Y
392,T202303011301498p050324,,,,T202303011301498p050324,,195.4573670095133,5.056739403615057,,,,N
393,T202204211301485p061149,,T202204211301485p061149,,,,195.4520411284052,6.1969913207072045,,,,N
394,T202303221301298p052714,,,,T202303221301298p052714,,195.3741871417477,5.453893341000113,,,,N
395,A202204211301228p080441,,A202204211301228p080441,,,,195.3450861699483,8.078167089964804,0.8514399989119761,5.385150356342082e-05,GALAXY,Y
396,T202302171301123p064804,,,,T202302171301123p064804,,195.3011905034529,6.801146977584375,,,,N
397,T202204211300335p075315,,T202204211300335p075315,,,,195.1396716902514,7.887555642286985,,,,N
398,C202302081300240p072206,,,,C202302081300240p072206,,195.0999541897327,7.36836030570498,0.13630286314076678,5.021663336979463e-06,GALAXY,Y
399,C202303161300049p064851,,,,C202303161300049p064851,,195.0205721335479,6.814063127004808,,,,N
400,C202303221259428p061954,,,,C202303221259428p061954,,194.92852021159743,6.331552115537562,0.22347355852998105,5.939316905400934e-06,GALAXY,Y
401,A202204211259373p053653,,A202204211259373p053653,,,,194.90532218367431,5.61463795998254,,,,N
402,T202302261259045p053355,,,,T202302261259045p053355,,194.7688607387665,5.565376775343183,,,,N
403,T202204211259012p074327,,T202204211259012p074327,,,,194.755091554258,7.724119779187491,0.20517306484888917,1.930691491110016e-05,GALAXY,Y
404,T202302171258543p064617,,,,T202302171258543p064617,,194.72639792969804,6.771422209881368,,,,N
405,A202204301258212p080821,,A202204301258212p080821,,,,194.588236800118,8.139246533332281,0.335003297562427,2.059512321249224e-05,GALAXY,Y
406,T202302171257537p053649,,,,T202302171257537p053649,,194.47354632084287,5.613508571767249,,,,N
407,T202302171257472p051934,,,,T202302171257472p051934,,194.4466305992761,5.3261925704071125,0.2633671332800986,9.608605887516843e-05,GALAXY,Y
408,T202303311257436p051636,,,,T202303311257436p051636,,194.4317273513228,5.276613708239829,,,,N
409,C202302081257413p072657,,,,C202302081257413p072657,,194.42201261777203,7.4491258255901265,0.25138532276651526,2.598323957032109e-05,GALAXY,Y
410,T202305121257327p063440,,,,T202305121257327p063440,,194.3862459690069,6.577813181900091,0.09308843024996855,5.002836441541448e-06,GALAXY,Y
411,A202204211256473p055357,,A202204211256473p055357,,,,194.19725261587013,5.8991635811624805,-0.00011737036278901465,2.8331864482219317e-05,STAR,Y
412,T202205181256398p052743,,T202205181256398p052743,,,,194.16581843278743,5.461925058585651,,,,N
413,T202205181254445p074026,,T202205181254445p074026,,,,193.6854144458612,7.673786612781409,0.16752995909508384,4.093279408153246e-05,GALAXY,Y
414,T202204211254314p050954,,T202204211254314p050954,,,,193.63072016458992,5.165124265381063,,,,N
415,C202303011253385p064956,,,,C202303011253385p064956,,193.41060577327968,6.832201190827386,,,,N
416,C202205181253304p060311,,C202205181253304p060311,,,,193.37670667945176,6.053160900200663,,,,N
417,T202304031253194p070254,,,,T202304031253194p070254,,193.331015618521,7.048381292781513,,,,N
418,T202204241252333p052245,,T202204241252333p052245,,,,193.1388480913906,5.3792547506495225,,,,N
419,T202302081252283p055222,,,,T202302081252283p055222,,193.11774070950128,5.872658663555825,,,,N
420,T202303011252266p075225,,,,T202303011252266p075225,,193.11066194126943,7.873652998177108,0.33220312899086324,2.616788275033513e-05,GALAXY,Y
421,T202204211252248p061512,,T202204211252248p061512,,,,193.1035021446256,6.253398159720048,,,,N
422,C202303281252172p054506,,,,C202303281252172p054506,,193.0715279092052,5.751627341970951,,,,N
423,T202204211251360p051947,,T202204211251360p051947,,,,192.89998674312457,5.329583856989463,0.08283648357432093,1.8059242977519484e-05,GALAXY,Y
424,T202204211251150p055833,,T202204211251150p055833,,,,192.8126899946461,5.97576795831301,,,,N
425,T202205091251046p074011,,T202205091251046p074011,,,,192.76905681214456,7.6697172893638275,,,,N
426,T202204211250589p075841,,T202204211250589p075841,,,,192.7452134597496,7.97815432987495,,,,N
427,T202204211250189p064047,,T202204211250189p064047,,,,192.57876611166728,6.679687313324263,,,,N
428,T202303011249134p050901,,,,T202303011249134p050901,,192.3058346511016,5.15038093815441,,,,N
429,T202305121248551p074827,,,,T202305121248551p074827,,192.22964701475928,7.807414330737847,,,,N
430,T202303221248361p054326,,,,T202303221248361p054326,,192.1504927951848,5.723770216355394,,,,N
431,T202205181247348p072118,,T202205181247348p072118,,,,191.89486950714368,7.3550239854510595,0.08225490946989712,1.1181924603277908e-05,GALAXY,Y
432,T202302171247291p072255,,,,T202302171247291p072255,,191.87134450233296,7.382002418541407,,,,N
433,C202303281246351p051357,,,,C202303281246351p051357,,191.6460797740305,5.23245666417805,,,,N
434,T202204241245051p073915,,T202204241245051p073915,,,,191.271108257178,7.654080516523805,,,,N
435,T202204241244441p065832,,T202204241244441p065832,,,,191.18356866757145,6.975467645246823,0.08209112676655923,5.835138394272913e-06,GALAXY,Y
436,T202204211244050p054952,,T202204211244050p054952,,,,191.0206571542772,5.831190794676303,,,,N
437,T202303221241538p062850,,,,T202303221241538p062850,,190.4741687816445,6.480526231838155,,,,N
438,T202204301241442p071753,,T202204301241442p071753,,,,190.4343258484101,7.298070496298302,0.2609480306979027,6.342808194697646e-05,GALAXY,Y
439,C202302081241390p074348,,,,C202302081241390p074348,,190.41260100224383,7.730133557774094,0.13167547675294503,1.007791820877132e-05,GALAXY,Y
440,C202302171241015p064244,,,,C202302171241015p064244,,190.2561997529231,6.7121289814369725,,,,N
441,C202401011239468p062920,,C202401011239468p062920,,,,189.9451686441828,6.48875036668719,1.5228621948733871,0.0007687254945298387,QSO,Y
442,T202204211239329p072951,,T202204211239329p072951,,,,189.88727790748115,7.497519137313891,,,,N
443,T202302171239206p072024,,,,T202302171239206p072024,,189.83587366643212,7.340099180066573,0.27513179052737824,5.823912004498652e-05,GALAXY,Y
444,C202303011238152p073349,,,,C202303011238152p073349,,189.5633704801372,7.563693876281843,0.28119163364855965,4.8225398874226705e-05,GALAXY,Y
445,C202302081238129p053755,,,,C202302081238129p053755,,189.55366656743087,5.63197276801857,0.7159343475101675,7.137643269354483e-05,QSO,Y
446,T202205091237225p080121,,T202205091237225p080121,,,,189.3437792964945,8.022473695481759,,,,N
447,T202204211237064p073304,,T202204211237064p073304,,,,189.2766468147378,7.551068442514311,,,,N
448,C202204241235496p073421,,C202204241235496p073421,,,,188.9567038462997,7.572586964110965,,,,N
449,T202204211235479p070629,,T202204211235479p070629,,,,188.94976866620567,7.108149046241787,,,,N
450,C202204211235167p065332,,C202204211235167p065332,,,,188.8195671726049,6.8923284072209725,0.5087193791846806,6.1068869245506234e-06,GALAXY,Y
451,T202302171233461p064158,,,,T202302171233461p064158,,188.442175517264,6.699440041188158,,,,N
452,T202302021118130m073357,,,,T202302021118130m073357,,169.55425572226218,-7.565699541665927,,,,N
453,C202301091117006m074426,,,C202301091117006m074426,,,169.25246437414475,-7.740560921169076,0.17571927942475637,1.0314987376714217e-05,GALAXY,Y
454,T202302141116246m061929,,,,T202302141116246m061929,,169.10243584833745,-6.3246731082955705,0.3608045561744107,5.386135273039619e-05,GALAXY,Y
455,C202302111115369m065206,,,,C202302111115369m065206,,168.90366468657703,-6.868257237061338,0.2885433969025138,9.883122074093287e-05,GALAXY,Y
456,T202212251114265m071556,,,T202212251114265m071556,T202302021114265m071555,,168.6103756123104,-7.265407661158127,,,,N
457,C202303011114239m065655,,,,C202303011114239m065655,,168.59969223924432,-6.948623747346537,,,,N
458,A202301241114216m055959,,,A202301241114216m055959,C202302021114216m055959,,168.5898495514041,-5.999780613580226,,,,N
459,T202212251113110m064110,,,T202212251113110m064110,,,168.2956925331073,-6.686235943714059,,,,N
460,C202303221112325m054845,,,,C202303221112325m054845,,168.13535918805186,-5.812452127971825,,,,N
461,A202212191112192m054945,,,A202212191112192m054945,A202302021112192m054945,,168.0801696751517,-5.8291485355490655,,,,N
462,T202303311111387m063204,,,,T202303311111387m063204,,167.9111634656609,-6.53433016165144,,,,N
463,C202301091111336m053511,,,C202301091111336m053511,,,167.88988870876142,-5.586385704544856,,,,N
464,T202212161111263m074345,,,T202212161111263m074345,T202302021111263m074345,,167.85966786634174,-7.729120941021732,0.04026362975230154,2.423352493949497e-06,GALAXY,Y
465,T202302021111011m063301,,,,T202302021111011m063301,,167.75463597644475,-6.550405778251062,1.0608397814493022,0.0002830444093621408,QSO,Y
466,A202301181110515m061238,,,A202301181110515m061238,C202302021110515m061238,,167.71464567368457,-6.21051820034873,,,,N
467,A202302021110066m080518,,,,A202302021110066m080518,,167.5275287609566,-8.08844417026072,,,,N
468,T202312141108527m062039,,,,T202312141108527m062039,,167.21964723567567,-6.344168636323412,0.03998722934861647,6.021053520229496e-06,GALAXY,Y
469,T202303011107599m080254,,,,T202303011107599m080254,,166.9994441933159,-8.048441193288832,0.22916199659444453,7.168278239225435e-05,GALAXY,Y
470,C202401071107258m060545,,,,C202401071107258m060545,,166.8575372073749,-6.095801293310468,,,,N
471,C202303011105536m071743,,,,C202303011105536m071743,,166.4732295800794,-7.295381053500731,0.2761091046333202,3.16624278312968e-05,GALAXY,Y
472,T202303011105514m060816,,,,T202303011105514m060816,,166.46404892172237,-6.13769784299374,0.10031153531680657,2.0391620910427632e-05,GALAXY,Y
473,C202302021105456m075302,,,,C202302021105456m075302,,166.4398605770973,-7.883778924932902,0.15245052332930734,5.065230435166336e-06,GALAXY,Y
474,T202312141105322m062425,,,,T202312141105322m062425,,166.38413756792886,-6.406996596666134,,,,N
475,T202303311105011m060914,,,,T202303311105011m060914,,166.25466608426257,-6.153877000546447,0.2603742280895568,2.79033620288528e-05,GALAXY,Y
476,C202301241104446m052330,,,C202301241104446m052330,C202302021104446m052330,,166.185890747231,-5.391555768469624,0.2901895215323804,5.888708252103945e-06,GALAXY,Y
477,C202212161104381m070247,,,C202212161104381m070247,,,166.15881474721766,-7.046318196030469,0.04838643280772498,8.969510441326771e-06,GALAXY,Y
478,T202303161104290m052703,,,,T202303161104290m052703,,166.1209802936344,-5.450955357685159,,,,N
479,T202301271104267m045554,,,T202301271104267m045554,T202302021104267m045554,,166.1112871075413,-4.931662140989147,,,,N
480,T202303011104122m065418,,,,T202303011104122m065418,,166.05087943125574,-6.904866034626719,,,,N
481,T202301181102572m053924,,,T202301181102572m053924,,,165.738328375104,-5.656544108031857,,,,N
482,C202312201101597m073257,,,,C202312201101597m073257,,165.49880078590795,-7.549218251788345,0.0870762089228613,8.624561241581177e-07,GALAXY,Y
483,T202301241101477m073728,,,T202301241101477m073728,T202302021101477m073728,,165.44871733400365,-7.62454300491859,,,,N
484,A202401041101467m054949,,,,A202401041101467m054949,,165.4447895835048,-5.830338830446133,0.7655576745652456,8.551903404991674e-05,GALAXY,Y
485,T202212191101225m070160,,,T202212191101225m070160,,,165.34383505174895,-7.033265144418612,0.02560087576531129,7.788717879787521e-07,GALAXY,Y
486,C202302021101192m073740,,,,C202302021101192m073740,,165.33016111550634,-7.6278166163465615,0.06060301928126155,2.8657004834563285e-06,GALAXY,Y
487,C202212191101184m072716,,,C202212191101184m072716,,,165.32676926723553,-7.4545219279260095,,,,N
488,C202301181100239m053747,,,C202301181100239m053747,C202302021100238m053747,,165.09941219850248,-5.629665408221713,,,,N
489,C202212191100184m073856,,,C202212191100184m073856,C202302021100184m073855,,165.07652484499363,-7.6487297027839425,0.06546722427248225,1.2545123983979372e-05,QSO,Y
490,T202301211059164m074133,,,T202301211059164m074133,T202302021059164m074133,,164.81836127311783,-7.692572667926662,,,,N
491,T202212251059107m055836,,,T202212251059107m055836,,,164.79444487532425,-5.976674864102519,,,,N
492,A202303281058530m063254,,,,A202303281058530m063254,,164.72083998030124,-6.548382181849207,,,,N
493,T202301211058383m070420,,,T202301211058383m070420,T202302021058383m070420,,164.65976680943533,-7.072134596406068,0.3101294546252327,1.1284624109834194e-05,GALAXY,Y
494,A202212191058003m070527,,,A202212191058003m070527,A202302021058003m070526,,164.50135225465277,-7.090689919706296,0.04904322802958703,7.985132367374305e-06,GALAXY,Y
495,A202302021057575m064529,,,,A202302021057575m064529,,164.4894374875872,-6.758106818428493,,,,N
496,C202312201057541m064936,,,,C202312201057541m064936,,164.47534590479083,-6.826756278553841,0.0492889892601114,5.722129299532391e-06,GALAXY,Y
497,T202312201057517m070313,,,,T202312201057517m070313,,164.46545240179813,-7.053666513769343,,,,N
498,C202212191057273m070415,,,C202212191057273m070415,C202302021057273m070414,,164.3636684343076,-7.070700416125914,,,,N
499,T202312201056599m072509,,,,T202312201056599m072509,,164.2494908759492,-7.419042025027053,,,,N
500,C202302021056517m074935,,,,C202302021056517m074935,,164.21559859673116,-7.826526402636789,0.13067359417298421,1.1266940234688162e-05,GALAXY,Y
501,T202212131056504m055824,,,T202212131056504m055824,T202302021056504m055824,,164.20988989382863,-5.973451879988561,0.06722913913630806,2.1161771678319538e-05,GALAXY,Y
502,T202312141056498m052821,,,,T202312141056498m052821,,164.20751357131326,-5.472405437473104,,,,N
503,T202303221056478m045858,,,,T202303221056478m045858,,164.19901500262782,-4.982869659584103,,,,N
504,C202212191056390m061941,,,C202212191056390m061941,,,164.1625701629438,-6.327962121533628,0.26336217122405126,0.00010495536343469198,GALAXY,Y
505,A202301031056136m070214,,,A202301031056136m070214,,,164.05682194717548,-7.037296360974102,,,,N
506,T202301181055583m061925,,,T202301181055583m061925,T202302021055583m061926,,163.9928473987116,-6.323764727677293,,,,N
507,T202303221055531m081207,,,,T202303221055531m081207,,163.9714580191825,-8.201956962460438,,,,N
508,C202212221055530m052824,,,C202212221055530m052824,C202302021055530m052824,,163.9706529117901,-5.473459139234483,,,,N
509,C202312201055387m081140,,,,C202312201055387m081140,,163.9113957386571,-8.194506324575721,,,,N
510,A202302141055183m052715,,,,A202302141055183m052715,,163.8261377204215,-5.454130606863984,,,,N
511,C202312201055138m080244,,,,C202312201055138m080244,,163.8076679775726,-8.045598917833962,,,,N
512,A202302171054547m051824,,,,A202302171054547m051824,,163.72808237915098,-5.306800309002254,,,,N
513,T202303131054541m054553,,,,T202303131054541m054553,,163.7255452359111,-5.764615881333312,0.7961240494177463,7.288304234966197e-05,QSO,Y
514,T202212191054502m075727,,,T202212191054502m075727,,,163.70936611407097,-7.957412451183993,,,,N
515,T202302141054436m052209,,,,T202302141054436m052209,,163.6815163725347,-5.369046867374803,,,,N
516,A202212131054076m072908,,,A202212131054076m072908,,,163.53172005850612,-7.485558760108511,0.06657202426868081,2.67714298612829e-06,GALAXY,Y
517,T202301101054055m055847,,,T202301101054055m055847,T202302021054056m055847,,163.52312231750022,-5.979802079207099,,,,N
518,T202312141053545m060529,,,,T202312141053545m060529,,163.4769935741451,-6.091434804015559,,,,N
519,C202401101053490m055945,,,,C202401101053490m055945,,163.45429315813533,-5.995793651616565,,,,N
520,A202401161053414m071906,,,,A202401161053414m071906,,163.4224678457936,-7.318249490570301,,,,N
521,T202301241053172m054247,,,T202301241053172m054247,T202302021053172m054247,,163.32174154043628,-5.713027616944011,0.19296340146349647,1.0503574329774048e-05,GALAXY,Y
522,T202303221053024m073331,,,,T202303221053024m073331,,163.25990932695206,-7.5585617464841794,,,,N
523,T202303101052459m071931,,,,T202303101052459m071931,,163.19118037449678,-7.325300259055742,,,,N
524,A202302141052264m081609,,,,A202302141052264m081609,,163.10996092119532,-8.269180096635345,,,,N
525,C202303281052242m074807,,,,C202303281052242m074807,,163.1008334232608,-7.801935828593947,,,,N
526,T202302021052172m052234,,,,T202302021052172m052234,,163.07161708161456,-5.376011960328456,,,,N
527,T202312141052059m081537,,,,T202312141052059m081537,,163.02437616404654,-8.260226580732963,0.21898984908347574,1.5542480946479092e-05,GALAXY,Y
528,C202212191051546m061511,,,C202212191051546m061511,,,162.9773078238286,-6.253022006555183,,,,N
529,T202312201051448m065928,,,,T202312201051448m065928,,162.93648323266038,-6.991003278420295,,,,N
530,A202312141051378m081307,,,,A202312141051378m081307,,162.90739825379097,-8.218689885229134,0.22956269534560522,8.111716339418627e-05,GALAXY,Y
531,A202302021051369m073747,,,,A202302021051369m073747,,162.9036434555623,-7.6297283197757375,,,,N
532,C202212131051029m061317,,,C202212131051029m061317,C202302021051029m061318,,162.76200706051904,-6.221519343637359,,,,N
533,C202303101050136m071159,,,,C202303101050136m071159,,162.5564992153055,-7.199679683709536,,,,N
534,T202303281049540m052025,,,,T202303281049540m052025,,162.47508207546082,-5.340156801249433,,,,N
535,C202212191049483m063944,,,C202212191049483m063944,C202302021049483m063944,,162.45120277078723,-6.662272057207252,,,,N
536,T202401041049347m061139,,,,T202401041049347m061139,,162.39457058053128,-6.194228006678786,,,,N
537,T202302171049048m063538,,,,T202302171049048m063538,,162.27010743896847,-6.593932219598164,,,,N
538,C202312201048286m071440,,,,C202312201048286m071440,,162.1193584071929,-7.244465043249015,,,,N
539,C202212191047461m082204,,,C202212191047461m082204,,,161.9421076666321,-8.367639720791146,,,,N
540,T202212191046047m054312,,,T202212191046047m054312,,,161.5195823784638,-5.719935909098807,0.24651917441311924,3.5689045334634444e-06,GALAXY,Y
541,A202312111045542m070023,,,,A202312111045542m070023,,161.47591880842822,-7.006302620598923,0.45846281511983716,0.00013912848576276953,GALAXY,Y
542,C202302021045342m075442,,,,C202302021045342m075442,,161.39229565543826,-7.911669344149303,,,,N
543,C202312201045321m080614,,,,C202312201045321m080614,,161.38365514701337,-8.103919961731727,,,,N
544,T202302111045240m055942,,,,T202302111045240m055942,,161.35019911926491,-5.995088707403232,0.33819503785491606,1.3709318982409172e-05,GALAXY,Y
545,T202312201045184m065604,,,,T202312201045184m065604,,161.32652942942204,-6.934561185971473,0.48519478127694715,5.68011019587802e-06,GALAXY,Y
546,T202303041044560m063818,,,,T202303041044560m063818,,161.23314872960302,-6.6383431694897865,0.053370833268209225,1.6929395663282114e-06,GALAXY,Y
547,C202312111044429m065812,,,,C202312111044429m065812,,161.17863547155238,-6.970049496054072,,,,N
548,T202302021044136m055215,,,,T202302021044136m055215,,161.05666676171705,-5.870902483730987,,,,N
549,C202212131043584m061405,,,C202212131043584m061405,,,160.9932255322839,-6.234596148248047,0.2769683932028911,2.224160128289048e-05,GALAXY,Y
550,T202302111043343m070233,,,,T202302111043343m070233,,160.89294390999217,-7.042466629195716,,,,N
551,C202212251043315m071004,,,C202212251043315m071004,,,160.88109161482598,-7.1676951537285,,,,N
552,T202302021042372m062304,,,,T202302021042372m062304,,160.65519283422458,-6.384401259493036,,,,N
553,C202212281042324m054644,,,C202212281042324m054644,C202302021042324m054644,,160.635066452312,-5.7788227257077205,0.29325047023630996,1.7836891639042944e-05,QSO,Y
554,C202302171041387m051925,,,,C202302171041387m051925,,160.4113693805484,-5.323543133398572,,,,N
555,T202303221041297m060239,,,,T202303221041297m060239,,160.37390690989602,-6.044088455940747,0.05284913407827126,1.6592673074758121e-06,GALAXY,Y
556,C202401041041262m075952,,,,C202401041041262m075952,,160.35926266709586,-7.997694496450549,,,,N
557,C202312201041050m064646,,,,C202312201041050m064646,,160.27066371223688,-6.779382419193103,,,,N
558,A202212191041000m054522,,,A202212191041000m054522,,,160.25014862973302,-5.75610476446299,0.1750174091892234,7.86303613122101e-05,GALAXY,Y
559,T202212191040554m054830,,,T202212191040554m054830,,,160.23094373820763,-5.808244786291483,,,,N
560,T202212251040521m070804,,,T202212251040521m070804,T202302141040521m070804,,160.21721289049827,-7.134430287504445,,,,N
561,T202301091040165m080615,,,T202301091040165m080615,,,160.06871733452263,-8.1040658212944,0.21579124874089395,6.034530311420738e-06,GALAXY,Y
562,T202212131039437m072425,,,T202212131039437m072425,,,159.93196292591156,-7.406950517388357,,,,N
563,T202302171039394m065425,,,,T202302171039394m065425,,159.91436218122237,-6.907026391065784,,,,N
564,T202303011039310m072019,,,,T202303011039310m072019,,159.879212965398,-7.338659965368548,,,,N
565,A202312111039169m065748,,,,A202312111039169m065748,,159.8203370917612,-6.963269166044892,,,,N
566,T202312111038258m074615,,,,T202312111038258m074615,,159.60753134664668,-7.770827374514406,,,,N
567,C202312111038240m074746,,,,C202312111038240m074746,,159.5999243555494,-7.796214507624144,,,,N
568,C202212131037371m071613,,,C202212131037371m071613,C202302021037371m071613,,159.40454797045317,-7.270342451132381,0.028863901538520732,6.3259493874234466e-06,GALAXY,Y
569,T202301091037218m080014,,,T202301091037218m080014,,,159.34063289728888,-8.004003566437662,0.4319217731050504,4.414769794573922e-05,GALAXY,Y
570,T202303041035564m073450,,,,T202303041035564m073450,,158.9851849725374,-7.580621592082534,0.0781496908247365,2.7595703654379247e-06,GALAXY,Y
571,T202212221035488m070420,,,T202212221035488m070420,,,158.9534567035282,-7.072086245319885,,,,N
572,C202310090007027m003802,,,,,C202310090007027m003802,1.7612990077345736,-0.6339852639521085,,,,N
573,C202210020005547m002404,,,C202210020005547m002404,,,1.4781236399826572,-0.4011736205108396,,,,N
574,T202307110005064m012904,,,T202307110005064m012904,,T202308030005063m012904,1.276414383034956,-1.4845342767160357,0.08524781147336996,1.7605558255165143e-05,GALAXY,Y
575,A202210060349588m152760,,,A202210060349588m152760,,,57.49504007613034,-15.46662239250974,0.1291201996855892,4.0274316188298245e-06,GALAXY,Y
576,C202210100348066m163306,,,C202210100348066m163306,,,57.02745395703114,-16.551597646353454,,,,N
577,C202212250345409m144242,,,C202212250345409m144242,,,56.42042246216893,-14.7115340808964,0.3024940743921666,1.9431636718739427e-05,GALAXY,Y
578,T202310060343156m152211,,,,,T202310060343156m152211,55.81484047996634,-15.36971710580014,0.12947253732591676,7.673786086836587e-06,GALAXY,Y
579,A202212190342297m145429,,,A202212190342297m145429,,,55.62372420966895,-14.908094714225646,,,,N
580,C202312020339518m140022,,,,,C202312020339518m140022,54.96569626484132,-14.006151224922457,0.30519791472758684,4.4827547430668047e-05,GALAXY,Y
581,C202209090338301m142129,,,C202209090338301m142129,,,54.62533662143321,-14.358165469850082,,,,N
582,T202211250337278m171207,,,T202211250337278m171207,,,54.36566713351432,-17.201939144054073,,,,N
583,C202312110328117m163109,,,,,C202312110328117m163109,52.04866133510495,-16.519072907160588,,,,N
584,A202209050327317m165901,,,A202209050327317m165901,,,51.88202584282645,-16.983586993198376,,,,N
585,C202301180326380m162345,,,C202301180326380m162345,C202302020326380m162346,,51.65836496141007,-16.39598169051314,,,,N
586,T202209120325040m165560,,,T202209120325040m165560,,,51.26654249169125,-16.933234064099604,0.17466063774438645,2.0039691494428265e-05,QSO,Y
587,T202212190314022m172059,,,T202212190314022m172059,,,48.50933157605711,-17.349739609609788,,,,N
588,T202210200312001m141531,,,T202210200312001m141531,,,48.000402645374834,-14.258639898113389,0.2885737845631535,1.0755900829945275e-05,GALAXY,Y
589,C202210290311258m163702,,,C202210290311258m163702,,,47.85733220800878,-16.61722764024534,,,,N
590,T202311170304472m164436,,,,,T202311170304472m164436,46.19672773368848,-16.743362701856988,,,,N
591,T202209050301080m140332,,,T202209050301080m140332,,,45.283195820104105,-14.058928997181626,,,,N
592,T202301180259109m171925,,,T202301180259109m171925,T202302020259109m171925,,44.79527116858879,-17.323510766070385,,,,N
593,T202209090256498m164053,,,T202209090256498m164053,,,44.2076626419348,-16.68142990470534,0.47650222680753107,1.817447287651416e-05,QSO,Y
594,T202307202357010m003032,,,T202307202357010m003032,,,359.2542684930192,-0.5087999247896006,0.2670786755627896,9.173769619614356e-06,GALAXY,Y
595,C202308022353413m014715,,,,,C202308022353413m014715,358.4222357830107,-1.787547540387537,0.12848249222693187,1.9820164532556582e-05,GALAXY,Y
596,T202210022316571m021536,,,T202210022316571m021536,,,349.2377380480474,-2.2598895720550503,,,,N
597,T202311050216470m144539,,,,,T202311050216470m144539,34.195846216990184,-14.760878098087726,,,,N
598,T202310092234002m015239,,,,,T202310092234002m015239,338.50103323271765,-1.8774330448649863,0.13252831234740875,7.091314426875835e-06,GALAXY,Y
599,T202305102218483m032921,,,,T202305102218483m032921,T202308132218483m032921,334.7010843863066,-3.489179640901618,,,,N
600,C202308132216300m032353,,,,,C202308132216300m032353,334.12511425447127,-3.3981239769228564,,,,N
601,C202311050214160m143111,,,,,C202311050214160m143111,33.56653235498566,-14.519721514876284,0.16387996548115671,7.252630200315298e-06,GALAXY,Y
602,C202311050210579m164408,,,,,C202311050210579m164408,32.7414073094855,-16.735498565724708,,,,N
603,C202205182117274p040309,,C202205182117274p040309,,,,319.3641364130426,4.052427474503412,0.0519042804836586,1.7195568115552998e-05,GALAXY,Y
604,T202206112114401p044350,,T202206112114401p044350,,,,318.6670058558976,4.730517627385254,,,,N
605,T202312140206128m163447,,,,,T202312140206128m163447,31.55342890707908,-16.579823309210877,,,,N
606,C202311110154053m123956,,,,,C202311110154053m123956,28.522071744140085,-12.665667403212582,,,,N
607,A202303311510412p084042,,,,A202303311510412p084042,,227.67174118599465,8.678419869507168,,,,N
608,C202204271503519p065201,,C202204271503519p065201,,A202303251503519p065201,,225.9662774908024,6.866875149060611,,,,N
609,T202205121458020p083549,,T202205121458020p083549,,,,224.5081407359174,8.596907607684555,0.3262194149542453,8.376936578945498e-06,GALAXY,Y
610,C202303101457581p075857,,,,C202303101457581p075857,,224.49193069206368,7.982572146989784,0.2633521085623137,9.401482628625949e-05,GALAXY,Y
611,A202104061447404m011002,A202104061447404m011002,,,,,221.9184116957608,-1.167206509623169,,,,N
612,T202105151443595m004310,T202105151443595m004310,,,,,220.9980235197592,-0.7193314682451002,,,,N
613,A202103221442132m031460,A202103221442132m031460,,,,,220.55494430367835,-3.249978447142001,,,,N
614,T202206081429135m005742,,T202206081429135m005742,,,,217.30630734994511,-0.9616988071170244,,,,N
615,T202304151428360m015129,,,,T202304151428360m015129,,217.1498846571878,-1.8581396987680887,0.3265075789895595,2.098433190011286e-05,GALAXY,Y
616,T202205271425217m001212,,T202205271425217m001212,,,,216.34045249367892,-0.2032795747892128,,,,N
617,T202303281424366p001329,,,,T202303281424366p001329,,216.1525409041037,0.2248319752954554,0.13444412698706917,3.3576906509195434e-06,GALAXY,Y
618,T202206251414535p000049,,T202206251414535p000049,,,,213.7230233956309,0.0137151732592105,0.2570333577943952,5.244097473333782e-06,GALAXY,Y
619,T202303101332491p181026,,,,T202303101332491p181026,,203.20440905305765,18.17379605813733,0.2582826945634956,2.4270169702770062e-05,GALAXY,Y
620,T202210140010266m001118,,,T202210140010266m001118,,,2.6108119173009943,-0.1882546910789454,,,,N
621,C202204211309004p055131,,C202204211309004p055131,,,,197.2515447557508,5.858477590942048,0.26229136654080226,8.656661706715656e-06,GALAXY,Y
622,A202205061302262p074310,,A202205061302262p074310,,,,195.60896302031952,7.719422380743151,,,,N
623,T202303161300546p062359,,,,T202303161300546p062359,,195.2276443823027,6.399704265261331,0.33170506130812477,2.195648057792878e-05,GALAXY,Y
624,T202204211301423p063456,,T202204211301423p063456,,,,195.42619899579392,6.5823115835847,0.17147775057464734,8.845233329583181e-06,GALAXY,Y
625,T202204211300576p070235,,T202204211300576p070235,,,,195.2400053422649,7.043097465711597,0.06198061520024922,3.2047784736142217e-06,GALAXY,Y
626,A202204211255309p073051,,A202204211255309p073051,,A202302171255309p073051,,193.8787984318313,7.514081362334011,,,,N
627,T202204211251155p062458,,T202204211251155p062458,,,,192.8145954364976,6.416186747851897,0.13231097927155788,9.814490641861286e-06,GALAXY,Y
628,C202204241246164p072446,,C202204241246164p072446,,,,191.56823417020303,7.41276455893139,,,,N
629,T202302081245081p053458,,,,T202302081245081p053458,,191.2836811497403,5.582831002437022,,,,N
630,T202302171243584p063129,,,,T202302171243584p063129,,190.99347531016417,6.524706654769822,0.18157646377098632,9.63547543001698e-06,GALAXY,Y
631,C202205091241571p044816,,C202205091241571p044816,,,,190.48773194613744,4.804318958500957,0.27483222237478583,6.430049324628368e-05,GALAXY,Y
632,C202205031241044p052336,,C202205031241044p052336,,,,190.2685032697804,5.393356632259517,,,,N
633,C202205301233322p070535,,C202205301233322p070535,,,,188.38418333613072,7.0930259941352,0.11609720577415215,1.4989824887640629e-05,GALAXY,Y
634,T202204211234042p065629,,T202204211234042p065629,,,,188.51748188674705,6.9413937597140425,,,,N
635,T202303101111307m063546,,,,T202303101111307m063546,,167.87776636460694,-6.596029166959077,,,,N
636,T202301181104274m062457,,,T202301181104274m062457,T202302021104274m062457,,166.11431879881326,-6.415748599783244,0.047229701630481985,4.279442485696127e-06,GALAXY,Y
637,A202212191101506m053257,,,A202212191101506m053257,,,165.4608424878936,-5.549083082944051,,,,N
638,C202212221100032m071440,,,C202212221100032m071440,,,165.01335482959038,-7.244492782896887,,,,N
639,C202302141055096m064720,,,,C202302141055096m064720,,163.7899416731792,-6.788750237240331,,,,N
640,T202301031055024m074329,,,T202301031055024m074329,T202302021055025m074329,,163.76018598233657,-7.724653888803804,,,,N
641,T202212131052224m080253,,,T202212131052224m080253,T202302021052224m080253,,163.0934814924514,-8.04792563197879,,,,N
642,T202401041052071m074954,,,,T202401041052071m074954,,163.0297476305941,-7.8316685434354945,,,,N
643,T202212191050592m062917,,,T202212191050592m062917,,,162.74652644877378,-6.487918854469683,,,,N
644,C202312111046335m070809,,,,C202312111046335m070809,,161.63973000605043,-7.135810380794847,,,,N
645,T202312111041135m054805,,,,T202312111041135m054805,,160.30611432463223,-5.801370520706443,,,,N
646,T202210110007516m011748,,,T202210110007516m011748,,,1.9650187787747984,-1.2967816048612446,,,,N
647,T202308030000269p002005,,,,,T202308030000269p002005,0.112235526466975,0.3347032888867059,0.8217402968346544,0.00010386161422379022,QSO,Y
648,T202210020000064p005207,,,T202210020000064p005207,,,0.0267426877975935,0.8685464645100514,1.4512516992448057,0.0005291234480620836,QSO,Y
